_,en,ru,pt-br,es-es,de,fr-fr,it,pl,zh-cn,jp,ko,,,,,,,,,,,,,
kaleva_koetus_ascension,"Ascension","Вознесение","Ascensão","Ascensión","Aufstieg","Ascension","Ascensione","Wniebowstąpienie","试炼","試練","시련",,,,,,,,,,,,,
kaleva_koetus_description_a1,"Enemies seem tougher than before","Похоже, враги стали крепче","Os inimigos parecem mais resistentes","Los enemigos parecen más duros","Feinde scheinen zäher zu sein","Les ennemis semblent plus résistants","I nemici sembrano più forti","Nieprzyjaciele wydają się twardsi","敌人似乎变得更强了","敵が以前よりもタフになったようです","적들이 전보다 단단해진 것 같습니다",,,,,,,,,,,,,
kaleva_koetus_specification_a1,"Enemy HP increases. Bosses are stronger.","Здоровье врагов увеличено. Боссы стали сильнее.","A vida dos inimigos aumenta. Chefes estão mais fortes.","La vida de los enemigos aumenta. Los jefes son más poderosos.","Die HP der Feinde steigen. Bosse sind stärker.","Les PV des ennemis augmentent. Les boss sont plus puissants.","La salute dei nemici aumenta. I boss sono più forti.","Punkty życia wrogów wzrastają. Bossowie są silniejsi.","敌人的生命值增加，首领也更强。","敵のHPが増える。ボスも強くなっている。","적의 HP가 증가하며 보스도 강해집니다",,,,,,,,,,,,,
kaleva_koetus_description_a2,"Shop maintenance costs have been passed to customers","Похоже, лавки подняли цены","Os custos de manutenção da loja foram repassados","Los costos de mantenimiento se reflejan en los precios","Die Ladenpreise wurden wegen Unterhalt erhöht","Les coûts d'entretien des boutiques ont été répercutés","Il costo di manutenzione dei negozi è aumentato","Sklepy podniosły ceny z powodu kosztów utrzymania","商店的维护费用反映在商品价格上","ショップの維持費が商品に転嫁されました","가게의 유지비가 가격에 반영되었습니다",,,,,,,,,,,,,
kaleva_koetus_specification_a2,"Prices rise. 4 spells and 2 wands affected.","Цены выросли. Затронуто 4 заклинания и 2 жезла.","Os preços aumentam. 4 feitiços e 2 varinhas são afetados.","Los precios suben. 4 hechizos y 2 varitas afectados.","Die Preise steigen. 4 Zauber und 2 Zauberstäbe betroffen.","Les prix augmentent. 4 sorts et 2 baguettes affectés.","I prezzi aumentano. 4 incantesimi e 2 bacchette sono colpiti.","Ceny wzrastają. 4 zaklęcia i 2 różdżki są dotknięte.","价格上涨。影响4个法术和2根魔杖。","商品の値段が高騰する。呪文は4つ、杖は2つが対象。","가격이 상승합니다. 주문 4개와 지팡이 2개에 영향",,,,,,,,,,,,,
kaleva_koetus_description_a3,"You feel a bit frailer","Ты чувствуешь себя хрупким","Você se sente mais frágil","Te sientes más frágil","Du fühlst dich zerbrechlicher","Vous vous sentez plus fragile","Ti senti più fragile","Czujesz się słabszy","你变得更脆弱了","あなたは少し脆くなってしまいました","당신은 약해진 느낌입니다",,,,,,,,,,,,,
kaleva_koetus_specification_a3,"Your HP becomes 70.","Твое здоровье теперь 70.","Sua vida máxima é reduzida para 70.","Tu vida máxima baja a 70.","Deine HP werden auf 70 reduziert.","Vos PV sont fixés à 70.","I tuoi HP diventano 70.","Twoje HP spada do 70.","你的生命值变为70。","自身のHPが70になる。","최대 HP가 70으로 감소합니다",,,,,,,,,,,,,
kaleva_koetus_description_a4,"The gods are in a foul mood","Боги раздражены","Os deuses estão de mau humor","Los dioses están irritables","Die Götter sind schlecht gelaunt","Les dieux sont de mauvaise humeur","Gli dèi sono irritati","Bogowie są w złym humorze","众神心情不好","神は今、虫の居所が悪いようです","신들이 불쾌한 기분입니다",,,,,,,,,,,,,
kaleva_koetus_specification_a4,"Destroying the Holy Mountain angers them faster.","Разрушение Святой Горы сильнее злит богов.","Destruir a Montanha Sagrada enfurece os deuses mais rápido.","Destruir la Montaña Sagrada los enfurece más rápido.","Das Zerstören des Heiligen Berges erzürnt sie stärker.","Détruire la Montagne Sacrée les met en colère plus vite.","Distruggere la Montagna Sacra li fa infuriare prima.","Zniszczenie Świętej Góry bardziej ich rozwściecza.","摧毁圣山会更快激怒他们。","聖なる山を破壊したときのイベントが強化される、ステヴァリを倒すとすぐに激怒する。","성산을 파괴하면 그들의 분노가 더 빨리 폭발합니다",,,,,,,,,,,,,
kaleva_koetus_description_a5,"Your spell bag feels smaller","Твоя сумка для заклинаний стала меньше","Sua bolsa de feitiços parece menor","Tu bolsa de hechizos parece más pequeña","Deine Zaubertasche wirkt kleiner","Votre sac à sorts semble plus petit","La tua borsa degli incantesimi è più piccola","Twoja torba na zaklęcia jest mniejsza","你的法术袋变小了","あなたの呪文バッグが小さくなっている気がします","주문 가방이 작아진 것 같습니다",,,,,,,,,,,,,
kaleva_koetus_specification_a5,"You lose 6 spell slots.","Ты теряешь 6 ячеек для заклинаний.","Você perde 6 espaços de feitiço.","Pierdes 6 ranuras de hechizo.","Du verlierst 6 Zauberplätze.","Vous perdez 6 emplacements de sort.","Perdi 6 slot incantesimo.","Tracisz 6 miejsc na zaklęcia.","失去6个法术槽。","呪文保持枠が6個減る。","주문 슬롯이 6개 줄어듭니다",,,,,,,,,,,,,
kaleva_koetus_description_a6,"You can no longer fly as high","Ты не можешь летать так высоко","Você não pode voar tão alto","Ya no puedes volar tan alto","Du kannst nicht mehr so hoch fliegen","Vous ne pouvez plus voler aussi haut","Non puoi più volare così in alto","Już nie możesz latać tak wysoko","你飞得不如以前高了","以前よりも高く飛べなくなりました","이전보다 높이 날 수 없습니다",,,,,,,,,,,,,
kaleva_koetus_specification_a6,"Flight meter reduced to 70%.","Полётная шкала уменьшена до 70%.","Medidor de voo reduzido para 70%.","Medidor de vuelo reducido al 70%.","Fluganzeige auf 70% reduziert.","Jauge de vol réduite à 70%.","Indicatore di volo ridotto al 70%.","Wskaźnik lotu zmniejszony do 70%.","飞行槽降至70%。","上昇ゲージが70%になる。","비행 게이지가 70%로 감소합니다",,,,,,,,,,,,,
kaleva_koetus_description_a7,"Potions feel lighter than before","Зелья стали легче","As poções parecem mais leves","Las pociones parecen más ligeras","Tränke scheinen leichter zu sein","Les potions semblent plus légères","Le pozioni sembrano più leggere","Mikstury wydają się lżejsze","药水似乎变轻了","ポーションが以前よりも軽量になりました","포션이 전보다 가벼워진 것 같습니다",,,,,,,,,,,,,
kaleva_koetus_specification_a7,"Potion volume reduced to 50%.","Объем зелий уменьшен до 50%.","Volume das poções reduzido para 50%.","Volumen de pociones reducido al 50%.","Trankvolumen auf 50% reduziert.","Volume des potions réduit à 50%.","Volume delle pozioni ridotto al 50%.","Objętość mikstur zmniejszona do 50%.","药水量减少到50%。","ポーションの量が50%に減少する。","포션 용량이 50%로 줄어듭니다",,,,,,,,,,,,,
kaleva_koetus_description_a8,"The tablets have decayed away","Таблетки истлели","As tábuas sagradas se desintegraram","Las tablillas se han desintegrado","Die Tafeln sind zerfallen","Les tablettes se sont désagrégées","Le tavolette si sono sgretolate","Tablice rozpadły się","石板已经腐朽了","タブレットは朽ち果てました","석판이 썩어 사라졌습니다",,,,,,,,,,,,,
kaleva_koetus_specification_a8,"All tablets in the world vanish.","Все таблички в мире исчезают.","Todas as tábuas desaparecem do mundo.","Todas las tablillas desaparecen del mundo.","Alle Tafeln in der Welt verschwinden.","Toutes les tablettes du monde disparaissent.","Tutte le tavolette del mondo scompaiono.","Wszystkie tablice na świecie znikają.","世界中的所有石板都会消失。","世界中の石板が消失する。","세계의 모든 석판이 사라집니다",,,,,,,,,,,,,
kaleva_koetus_description_a9,"Perhaps three perks were too generous","Может, три благословения — это слишком","Três bênçãos podem ter sido demais","Quizás tres ventajas eran demasiado","Vielleicht waren drei Vorteile zu großzügig","Trois bénédictions, c'était peut-être trop","Forse tre vantaggi erano troppi","Może trzy perki to było za dużo","也许三个特典太奢侈了","特典が3つもあったのは贅沢だったのかもしれません","세 개의 특전은 너무 많았는지도 모릅니다",,,,,,,,,,,,,
kaleva_koetus_specification_a9,"Perk list shows one fewer option.","Список перков короче на один.","A lista de bênçãos mostra uma a menos.","La lista de ventajas muestra una menos.","Eine weniger im Perk-Menü.","Une bénédiction de moins dans la liste.","Una scelta di perk in meno.","Jedna opcja mniej w liście perków.","特典列表减少了一个选项。","一覧に並ぶ特典が1つ減る。","특전 목록의 선택지가 하나 줄었습니다",,,,,,,,,,,,,
kaleva_koetus_description_a10,"Your body is being consumed by fungi","Твое тело поражено грибами","Seu corpo está sendo tomado por fungos","Tu cuerpo está siendo invadido por hongos","Dein Körper wird von Pilzen befallen","Votre corps est envahi par les champignons","Il tuo corpo è invaso dai funghi","Twoje ciało zostało porażone grzybem","你的身体正被真菌侵蚀","あなたの体は真菌に蝕まれつつあります","당신의 몸이 진균에 잠식되고 있습니다",,,,,,,,,,,,,
kaleva_koetus_specification_a10,"A fungal shift triggers every 15 minutes.","Каждые 15 минут происходит грибной сдвиг.","Uma mutação fúngica ocorre a cada 15 minutos.","Un cambio fúngico ocurre cada 15 minutos.","Alle 15 Minuten tritt ein Pilzshift auf.","Un changement fongique survient toutes les 15 minutes.","Uno shift fungino avviene ogni 15 minuti.","Zmiana grzybowa co 15 minut.","每15分钟发生一次真菌变化。","15分毎にきのこシフトが発動する。","15分마다 버섯 변이가 발생합니다",,,,,,,,,,,,,
kaleva_koetus_description_a11,"The caves are livelier than before","Пещеры стали оживленнее","As cavernas estão mais agitadas","Las cuevas están más activas","Die Höhlen sind lebhafter geworden","Les cavernes sont plus agitées","Le caverne sono più vivaci","Jaskinie są bardziej ruchliwe","洞穴比以前更热闹了","洞窟がより騒がしくなりました","동굴이 이전보다 시끄럽습니다",,,,,,,,,,,,,
kaleva_koetus_specification_a11,"Enemies may duplicate themselves.","Некоторые враги появляются в двойном числе.","Inimigos podem se duplicar.","Algunos enemigos pueden duplicarse.","Feinde können sich verdoppeln.","Certains ennemis peuvent se dupliquer.","Alcuni nemici possono duplicarsi.","Niektórzy wrogowie pojawiają się podwójnie.","敌人可能会自我复制。","敵が2体以上増殖していることがある。","적이 복제되어 여러 마리로 나타납니다",,,,,,,,,,,,,
kaleva_koetus_description_a12,"The mountain is parched","Гора иссохла","A montanha está seca","La montaña está reseca","Der Berg ist ausgetrocknet","La montagne est desséchée","La montagna è arida","Góra wyschła","圣山干涸了","山はカラカラです","산이 바짝 말랐습니다",,,,,,,,,,,,,
kaleva_koetus_specification_a12,"The Holy Mountain loses its water.","Святая гора лишается воды.","A montanha perde sua água.","La montaña sagrada se queda sin agua.","Das Wasser verschwindet im Heiligen Berg.","La montagne sacrée perd son eau.","La montagna sacra perde l'acqua.","Święta Góra traci wodę.","圣山的水消失了。","山の水がなくなる。","성산의 물이 사라집니다",,,,,,,,,,,,,
kaleva_koetus_description_a13,"You sense unfamiliar enemies","Ты чувствуешь чуждых врагов","Sentes inimigos estranhos","Enemigos desconocidos aparecen","Du spürst fremdartige Feinde","Des ennemis inhabituels apparaissent","Avverti nemici insoliti","Czujesz obcych wrogów","出现了不同寻常的敌人","雰囲気の違う敵が現れたようです","이질적인 적이 나타났습니다",,,,,,,,,,,,,
kaleva_koetus_specification_a13,"Elite enemies appear with extra abilities.","Появляются элитные враги с новыми умениями.","Inimigos de elite aparecem com habilidades extras.","Aparecen enemigos élite con habilidades adicionales.","Elite-Feinde erscheinen mit neuen Fähigkeiten.","Des ennemis d'élite apparaissent avec des capacités supplémentaires.","Appaiono nemici élite con abilità extra.","Pojawiają się elitarni wrogowie z dodatkowymi zdolnościami.","精英敌人出现并带有额外能力。","エリート個体が出現、青色に光る。2～4つのアビリティが追加で付与されている。","엘리트 적이 등장하며 추가 능력을 가집니다",,,,,,,,,,,,,
kaleva_koetus_description_a14,"Gold no longer waits for you","Золото больше не ждет тебя","O ouro não espera mais por você","El oro ya no te espera","Gold wartet nicht länger auf dich","L'or ne t'attend plus","L'oro non ti aspetta più","Złoto już na ciebie nie czeka","金子不再等你","ゴールドはあなたを待たなくなりました","금괴가 당신을 기다리지 않습니다",,,,,,,,,,,,,
kaleva_koetus_specification_a14,"Gold disappears faster after dropping.","Золото исчезает быстрее.","O ouro desaparece mais rápido.","El oro desaparece más rápido.","Gold verschwindet schneller.","L'or disparaît plus vite.","L'oro scompare più rapidamente.","Złoto znika szybciej.","金块掉落后更快消失。","金塊が取れる時間が短くなる。","금괴가 더 빨리 사라집니다",,,,,,,,,,,,,
kaleva_koetus_description_a15,"Spell creation has become unstable","Создание заклинаний нестабильно","A criação de feitiços tornou-se instável","La creación de hechizos se ha vuelto inestable","Zaubererstellung ist instabil geworden","La création de sorts est devenue instable","La creazione di incantesimi è instabile","Tworzenie zaklęć jest niestabilne","法术生成变得异常","呪文の生成にイレギュラーが発生しています","주문 생성이 불안정해졌습니다",,,,,,,,,,,,,
kaleva_koetus_specification_a15,"Spells may break. Some stats degrade.","Заклинания ломаются. Статы ухудшаются.","Feitiços podem quebrar. Alguns status degradam.","Hechizos pueden romperse. Algunos atributos empeoran.","Zauber können zerbrechen. Einige Werte sinken.","Les sorts peuvent se briser. Certains stats diminuent.","Gli incantesimi possono rompersi. Alcuni parametri peggiorano.","Zaklęcia mogą się psuć. Niektóre statystyki słabną.","法术有50%几率损坏，部分属性下降。","呪文は20%で壊れる。ステータスの一部が劣化する。","주문이 50% 확률로 부서지고 일부 능력치가 약화됩니다",,,,,,,,,,,,,
kaleva_koetus_description_a16,"Biomes shift constantly now","Биомы меняются постоянно","Biomas mudam constantemente","Los biomas cambian constantemente","Biome ändern sich ständig","Les biomes changent constamment","I biomi cambiano continuamente","Biomy zmieniają się stale","现在生物群落不断变化","いつもよりもバイオームの動きが活発です","바이옴이 끊임없이 변화합니다",,,,,,,,,,,,,
kaleva_koetus_specification_a16,"Biome changes occur continuously. Biomes excluded by vanilla rules are not affected.","Биомы меняются непрерывно. Биомы, исключённые правилами оригинала, не затрагиваются.","Mudanças de bioma ocorrem continuamente. Biomas excluídos pelas regras padrão não são afetados.","Los cambios de bioma ocurren continuamente. Los biomas excluidos por las reglas base no se ven afectados.","Biome ändern sich fortlaufend. Von den Standardregeln ausgeschlossene Biome sind ausgenommen.","Les changements de biome sont continus. Les biomes exclus par les règles de base ne sont pas affectés.","I biomi cambiano in continuo. I biomi esclusi dalle regole vanilla non sono interessati.","Biomy zmieniają się stale. Biomy wyłączone przez zasady podstawowe nie są objęte.","地形变化会持续发生。被原版规则排除的生物群落不受影响。","常にバイオーム変化が起きるようになる。対象外のバイオーム（公式準拠）は適応されない。","지속적으로 바이옴이 변화합니다. 바닐라에서 제외된 바이옴은 영향받지 않습니다",,,,,,,,,,,,,
kaleva_koetus_description_a17,"You need allies to claim Sampo","Чтобы получить Сампо, нужны союзники","É preciso aliados para obter o Sampo","Necesitas aliados para obtener el Sampo","Du brauchst Verbündete, um den Sampo zu bekommen","Il faut des alliés pour obtenir le Sampo","Servono alleati per ottenere il Sampo","Potrzebujesz sojuszników, by zdobyć Sampo","获得桑波需要协力者","サンポの取得には協力が不可欠です","삼포를 얻으려면 협력이 필요합니다",,,,,,,,,,,,,
kaleva_koetus_specification_a17,"You cannot pick up Sampo alone. If an ally strays too far, they will lose sight of you.","Нельзя поднять Сампо в одиночку. Если союзник уйдёт далеко, он потеряет тебя из виду.","Não é possível pegar o Sampo sozinho. Se o aliado se afastar demais, perderá você de vista.","No puedes recoger el Sampo solo. Si el aliado se aleja, te perderá de vista.","Du kannst den Sampo nicht alleine aufheben. Entfernt sich der Verbündete zu weit, verliert er dich aus den Augen.","Impossible de ramasser le Sampo seul. Si l'allié s'éloigne trop, il te perdra de vue.","Non puoi prendere il Sampo da solo. Se l'alleato si allontana troppo, ti perderà di vista.","Nie podniesiesz Sampo sam. Sojusznik, który odejdzie za daleko, straci cię z oczu.","没有协力者无法拾取桑波。协力者离得太远会看丢你。","協力者いない場合、サンポを拾えない。協力者は一定距離を離れるとプレイヤーを見失う。","혼자서는 삼포를 집을 수 없습니다. 동료가 멀어지면 당신을 놓칩니다",,,,,,,,,,,,,
kaleva_koetus_description_a18,"The Holy Mountain’s healing weakens","Святая гора лечит хуже","A cura da Montanha Sagrada enfraqueceu","La curación de la Montaña Sagrada se debilita","Die Heilung des Heiligen Berges wird schwächer","La guérison de la Montagne Sacrée faiblit","La guarigione della Montagna Sacra è più debole","Święta Góra słabiej leczy","圣山的治愈力减弱","聖なる山の回復力が弱まっているようです","성산의 회복력이 약해졌습니다",,,,,,,,,,,,,
kaleva_koetus_specification_a18,"Heart restores only 80% of HP.","Сердце восстанавливает 80% здоровья.","Corações curam apenas 80% da vida.","El corazón cura solo el 80% de la vida.","Herzen heilen nur 80% HP.","Les cœurs ne soignent que 80%.","I cuori curano solo l'80%.","Serca przywracają tylko 80% HP.","心形恢复80%的生命值。","ハートで回復できるHPの量が80%になる。","하트가 HP의 80%만 회복합니다",,,,,,,,,,,,,
kaleva_koetus_description_a19,"In the depths, the Eye is unsealed","В глубинах пробудился Глаз","No abismo, o Olho foi libertado","En las profundidades, el Ojo ha despertado","In der Tiefe wurde das Auge entfesselt","Dans les profondeurs, l’Œil est libéré","Nelle profondità, l’Occhio è liberato","W głębinach Oko zostało uwolnione","地底深处的眼被释放","地の奥底で、眼が解き放たれました","지하 깊숙이에서 눈이 풀려났습니다",,,,,,,,,,,,,
kaleva_koetus_specification_a19,"The final boss becomes stronger.","Финальный босс становится сильнее.","O chefe final torna-se mais forte.","El jefe final se vuelve más fuerte.","Der Endboss wird stärker.","Le boss final devient plus fort.","Il boss finale diventa più forte.","Ostatni boss staje się silniejszy.","最终Boss变强。","最終ボスが強くなる。","최종 보스가 강화됩니다",,,,,,,,,,,,,
kaleva_koetus_description_a20,"Sampo reveals its true power in a new world","Сампо раскрывает свою силу в новом мире","O Sampo mostra seu verdadeiro poder em um novo mundo","El Sampo revela su poder en un nuevo mundo","Der Sampo zeigt seine wahre Macht in einer neuen Welt","Le Sampo révèle son vrai pouvoir dans un nouveau monde","Il Sampo rivela il suo vero potere in un nuovo mondo","Sampo ukazuje swoją moc w nowym świecie","桑波在新世界中展现真正的力量","サンポは新しい世界で真価を発揮します","삼포는 새로운 세계에서 진정한 힘을 드러냅니다",,,,,,,,,,,,,
kaleva_koetus_specification_a20,"Defeating the boss warps you to New Game+. Clear the new world to complete the challenge.","После победы над боссом вы переноситесь в New Game+. Пройдите новый мир, чтобы завершить испытание.","Ao derrotar o chefe, você é transportado para o New Game+. Complete o novo mundo para concluir o desafio.","Al derrotar al jefe, te transportarás al New Game+. Completa el nuevo mundo para superar el desafío.","Nachdem du den Boss besiegt hast, wirst du in New Game+ teleportiert. Besiege die neue Welt, um die Prüfung abzuschließen.","Vaincre le boss vous transporte vers le New Game+. Terminez le nouveau monde pour relever le défi.","Sconfiggendo il boss verrai trasportato nel New Game+. Completa il nuovo mondo per superare la prova.","Po pokonaniu bossa zostaniesz przeniesiony do New Game+. Ukończ nowy świat, aby zakończyć wyzwanie。","击败Boss后你会被传送到New Game+。在新的世界中通关以完成试炼。","ボス討伐時にNewGame+へワープする。新たな世界でクリアする。","보스를 처치하면 New Game+로 워프됩니다. 새로운 세계를 클리어하세요.",,,,,,,,,,,,,
kaleva_koetus_fungal_shift_curse_next,"Fungal Curse","Грибное проклятие","Maldição Fúngica","Maldición Fúngica","Pilzfluch","Malédiction Fongique","Maledizione Fungina","Grzybowa Klątwa","真菌的诅咒","真菌の呪い","진균의 저주",,,,,,,,,,,,,
kaleva_koetus_fungal_shift_curse_next_description,"The fungal curse will strike again","Грибное проклятие вернётся","A maldição fúngica voltará","La maldición fúngica volverá","Der Pilzfluch wird wieder zuschlagen","La malédiction fongique reviendra","La maledizione fungina tornerà","Klątwa grzybowa znów uderzy","真菌的诅咒将再次来袭","真菌の呪いは何度もあなたを襲う","진균의 저주가 다시 찾아올 것이다",,,,,,,,,,,,,
kaleva_koetus_fungal_shift_curse_again,"The fungal episode subsides temporarily","Грибной припадок утих","Os fungos se acalmam por um tempo","El brote fúngico se calma temporalmente","Der Pilzanfall lässt vorübergehend nach","La crise fongique se calme temporairement","La crisi fungina si placa temporaneamente","Epidemia grzybowa chwilowo ustępuje","真菌发作暂时平息","真菌の発作は一時的に落ち着いた…","진균의 발작이 잠시 가라앉았다…",,,,,,,,,,,,,
kaleva_koetus_fungal_shift_curse_again_description,"It will return soon...","Скоро вернется...","Voltará em breve...","Volverá pronto...","Es wird bald zurückkehren...","Elle reviendra bientôt...","Tornerà presto...","Wkrótce powróci...","它很快会再次来临……","…しばらくすると再発するぞ！","곧 다시 찾아올 것이다!",,,,,,,,,,,,,
kaleva_koetus_incomplete_prefix,"Incomplete ","Неполное ","Incompleto ","Incompleto ","Unvollständig ","Incomplet ","Incompleto ","Niekompletne ","未完成的","未完成の","불완전한",,,,,,,,,,,,,
kaleva_koetus_no_kindness,"Without collaborators, you cannot get Sampo","Без союзников Сампо не достанется","Sem colaboradores, você não obterá o Sampo","Sin aliados, no obtendrás el Sampo","Ohne Verbündete bekommst du den Sampo nicht","Sans alliés, pas de Sampo","Senza collaboratori, niente Sampo","Bez towarzyszy nie zdobędziesz Sampo","没有协力者，你无法获得桑波","協力者がいなければ、サンポは得られない","협력자가 없으면 삼포를 얻을 수 없습니다",,,,,,,,,,,,,
kaleva_koetus_ascension_info_name,"Ascension Info","Информация о Вознесении","Informações de Ascensão","Información de Ascensión","Aufstiegsinformationen","Infos d’Ascension","Info Ascensione","Informacje o Awansie","试炼信息","試練リスト","시련 정보",,,,,,,,,,,,,
kaleva_koetus_new_game_plus_friend_gone,"Your ally has departed, content.","Ваш союзник ушёл, удовлетворённый.","Seu aliado partiu satisfeito.","Tu aliado se ha marchado satisfecho.","Dein Verbündeter ist zufrieden davongegangen.","Votre allié est parti, satisfait.","Il tuo alleato se n'è andato soddisfatto.","Twój sojusznik odszedł zadowolony。","你的同伴满意地离开了。","協力者は満足して去っていきました","동료는 만족하며 떠났습니다",,,,,,,,,,,,,
kaleva_koetus_new_game_plus_friend_gone_description,"In the New Game, you'll face the challenge without your ally.","В новом прохождении вам придётся справляться без союзника.","No Novo Jogo, você enfrentará o desafio sem seu aliado.","En el Nuevo Juego, deberás superar el desafío sin tu aliado.","Im Neuen Spiel musst du die Herausforderung ohne deinen Verbündeten meistern.","Dans la Nouvelle Partie, vous devrez relever le défi sans votre allié.","Nel Nuovo Gioco affronterai la sfida senza il tuo alleato.","W Nowej Grze zmierzysz się z wyzwaniem bez swojego sojusznika.","在新游戏中，你将独自面对挑战。","NewGameでは協力者なしでのクリアになる","새로운 게임에서는 동료 없이 도전해야 합니다",,,,,,,,,,,,,
kaleva_koetus_reward_ascension20,"The Chosen One","Избранный","O Escolhido","El Elegido","Der Auserwählte","L'Élu","Il Prescelto","Wybraniec","被选中的人","選ばれしもの","선택받은 자",,,,,,,,,,,,,
kaleva_koetus_reward_ascension20_nightmare,"The Feared One","Избранный","O Escolhido","El Elegido","Der Auserwählte","L'Élu","Il Prescelto","Wybraniec","被选中的人","恐れられしもの","선택받은 자",,,,,,,,,,,,,
kaleva_koetus_beyond,"Beyond","Откровение","Revelação","Revelación","Offenbarung","Révélation","Rivelazione","Objawienie","天启","天啓","계시",,,,,,,,,,,,,
kaleva_koetus_description_b1,"Enemies are far tougher than before.","Враги стали ещё крепче, чем прежде.","Os inimigos estão ainda mais resistentes.","Los enemigos son aún más duros que antes.","Feinde sind jetzt noch zäher als zuvor.","Les ennemis sont encore plus résistants qu'avant.","I nemici sono ancora più forti di prima.","Wrogowie są jeszcze twardsi niż wcześniej.","敌人变得比以前更强大。","敵が以前よりもさらに固くなったようです。","적들이 전보다 훨씬 더 단단해졌습니다。",,,,,,,,,,,,,
kaleva_koetus_specification_b1,"Enemy HP increases significantly beyond A1. Bosses are even stronger.","Здоровье врагов значительно увеличено по сравнению с A1. Боссы стали ещё сильнее.","A vida dos inimigos aumenta significativamente além do A1. Chefes estão ainda mais fortes.","La vida de los enemigos aumenta significativamente más allá del A1. Los jefes son aún más poderosos.","Die HP der Feinde steigen deutlich über A1 hinaus. Bosse sind noch stärker.","Les PV des ennemis augmentent considérablement au-delà de l'A1. Les boss sont encore plus puissants.","La salute dei nemici aumenta sensibilmente oltre l'A1. I boss sono ancora più forti.","Punkty życia wrogów wzrastają znacznie w porównaniu do A1. Bossowie są jeszcze silniejsi.","敌人的生命值相比A1显著提高，首领也更强。","敵のHPがA1よりも大幅に上昇し、ボスもさらに強化されている。","적의 HP가 A1보다 크게 증가하며 보스도 더욱 강력해집니다。",,,,,,,,,,,,,
kaleva_koetus_description_b2,"The shop has changed its marketing strategy","Магазин изменил свою маркетинговую стратегию","A loja mudou sua estratégia de marketing","La tienda ha cambiado su estrategia de marketing","Der Shop hat seine Marketingstrategie geändert","La boutique a changé sa stratégie marketing","Il negozio ha cambiato la sua strategia di marketing","Sklep zmienił swoją strategię marketingową","商店改变了他们的营销策略","商店はマーケティング戦略を変更しました","상점이 마케팅 전략을 변경했습니다",,,,,,,,,,,,,
kaleva_koetus_specification_b2,"Prices for all shop services have increased, restoring status now costs money.","Цены на все услуги магазина выросли, восстановление состояния теперь стоит денег.","Os preços de todos os serviços da loja aumentaram, restaurar o status agora requer pagamento.","Los precios de todos los servicios de la tienda han aumentado, restaurar el estado ahora requiere pago.","Die Preise für alle Dienste im Shop sind gestiegen, die Wiederherstellung des Status ist jetzt kostenpflichtig.","Les prix de tous les services de la boutique ont augmenté, restaurer l'état est désormais payant.","I prezzi di tutti i servizi del negozio sono aumentati, ripristinare lo stato ora è a pagamento.","Ceny wszystkich usług w sklepie wzrosły, przywrócenie stanu wymaga teraz opłaty.","商店所有服务的价格上涨，回复状态现在需要付费。","商店の全サービスの価格が上昇、状態の回復は有料になりました。","상점의 모든 서비스 가격이 인상되었으며, 상태 회복은 이제 유료입니다.",,,,,,,,,,,,,
kaleva_koetus_description_b3,"You are prone to injury","Вы подвержены травмам","Você se machuca fácil","Te lesionas con facilidad","Du bist verletzungsanfällig","Vous vous blessez facilement","Ti infortuni facilmente","Jesteś podatny na urazy","你容易受伤","怪我をしやすい","부상을 입기 쉽습니다",,,,,,,,,,,,,
kaleva_koetus_specification_b3,"Your HP is reduced to 70%, and you take increased damage.","Ваше здоровье снижено до 70%, и вы получаете больше урона.","Sua vida é reduzida a 70%, e você recebe mais dano.","Tu salud se reduce al 70%, y recibes más daño.","Deine Gesundheit wird auf 70% reduziert, und du erleidest mehr Schaden.","Votre santé est réduite à 70%, et vous subissez plus de dégâts.","La tua salute è ridotta al 70%, e subisci più danni.","Twoje zdrowie zostaje zredukowane do 70%, a ty otrzymujesz większe obrażenia.","你的生命值减少到70%，且受到更多伤害。","HPが70%に減少し、受けるダメージが増加します。","체력이 70%로 감소하고, 받는 피해가 증가합니다.",,,,,,,,,,,,,
kaleva_koetus_description_b4,"The gods are dissatisfied with the offerings","Боги недовольны подношениями","Os deuses estão insatisfeitos com as oferendas","Los dioses están descontentos con las ofrendas","Die Götter sind mit den Opfergaben unzufrieden","Les dieux sont mécontents des offrandes","Gli dei sono insoddisfatti delle offerte","Bogowie są niezadowoleni z ofiar","神明对供奉感到不满","神々は供物に不満を抱いています","신들이 공물에 불만을 품고 있습니다",,,,,,,,,,,,,
kaleva_koetus_specification_b4,"The Holy Mountain has dried up, the gods are easily angered.","Священная гора пересохла, богов легко разгневать.","A Montanha Sagrada secou, os deuses se enfurecem facilmente.","La Montaña Sagrada se ha secado, los dioses se enfadan con facilidad.","Der Heilige Berg ist ausgetrocknet, die Götter sind leicht zu verärgern.","La Montagne Sacrée s'est asséchée, les dieux se mettent facilement en colère.","La Montagna Sacra si è prosciugata, gli dei si arrabbiano facilmente.","Święta Góra wyschła, bogowie łatwo wpadają w gniew.","圣山干涸，神明容易被激怒。","聖なる山は干上がり、神々は激怒しやすくなっています。","신성한 산이 메말랐으며, 신들은 쉽게 분노합니다.",,,,,,,,,,,,,
kaleva_koetus_b4_god_mood,"The gods are in a foul mood","Боги раздражены","Os deuses estão de mau humor","Los dioses están irritables","Die Götter sind schlecht gelaunt","Les dieux sont de mauvaise humeur","Gli dèi sono irritati","Bogowie są w złym humorze","众神心情不好","神は今、虫の居所が悪いようです","신들이 불쾌한 기분입니다",,,,,,,,,,,,,
kaleva_koetus_description_b5,"The shape of the bag is a bit strange","Форма сумки немного странная","O formato da bolsa é um pouco estranho","La forma de la bolsa es un poco extraña","Die Form der Tasche ist etwas seltsam","La forme du sac est un peu étrange","La forma della borsa è un po' strana","Kształt torby jest nieco dziwny","背包的形状有点奇怪","バッグの形が少し変です","가방의 모양이 좀 이상합니다",,,,,,,,,,,,,
kaleva_koetus_specification_b5,"Lose 10 spell slots, 2 item slots are occupied.","Вы теряете 10 слотов заклинаний, 2 слота предметов заняты.","Você perde 10 slots de feitiços, 2 slots de itens estão ocupados.","Pierdes 10 ranuras de hechizos, 2 ranuras de objetos están ocupadas.","Du verlierst 10 Zauberplätze, 2 Gegenstandsplätze sind belegt.","Vous perdez 10 emplacements de sorts, 2 emplacements d'objets sont occupés.","Perdi 10 slot incantesimo, 2 slot oggetto sono occupati.","Tracisz 10 miejsc na czary, 2 miejsca na przedmioty są zajęte.","失去10个法术槽，2个物品槽被占用。","10個の呪文スロットを失い、2個のアイテムスロットが占有されます。","주문 슬롯 10개를 잃고, 아이템 슬롯 2개가 점유됩니다.",,,,,,,,,,,,,
kaleva_koetus_description_b6,"You feel heavy","Вы чувствуете тяжесть","Você sente o corpo pesado","Sientes el cuerpo pesado","Dein Körper fühlt sich schwer an","Vous vous sentez lourd","Ti senti pesante","Czujesz się ociężały","你感到身体沉重","体が重く感じる","몸이 무겁게 느껴집니다",,,,,,,,,,,,,
kaleva_koetus_specification_b6,"Levitation duration reduced, vertical flight speed decreased.","Длительность левитации уменьшена, вертикальная скорость полета снижена.","A duração da levitação é reduzida, a velocidade de voo vertical diminui.","La duración de la levitación se reduce, la velocidad de vuelo vertical disminuye.","Die Levitationsdauer ist verringert, die vertikale Fluggeschwindigkeit ist reduziert.","La durée de lévitation est réduite, la vitesse de vol verticale diminue.","La durata della levitazione è ridotta, la velocità di volo verticale diminuisce.","Czas lewitacji ulega skróceniu, pionowa prędkość lotu spada.","浮空时长减少，垂直飞行速度降低。","浮遊時間が減少し、垂直飛行速度が低下します。","공중부양 시간이 감소하고, 수직 비행 속도가 저하됩니다.",,,,,,,,,,,,,
kaleva_koetus_item_dead_item,"Occupied Slot","Занятый слот","Slot Ocupado","Casilla ocupada","Belegter Slot","Emplacement occupé","Slot occupato","Zajęty slot","被占用的格子","占有されたスロット","점유된 슬롯",,,,,,,,,,,,,
kaleva_koetus_itemdesc_dead_item,"Cannot be removed from the inventory.\nCan swap positions with other items.","Нельзя убрать из инвентаря.\nМожно менять местами с другими предметами.","Não pode ser removido do inventário.\nPode trocar de posição com outros itens.","No se puede retirar del inventario.\nPuede cambiar de posición con otros objetos.","Kann nicht aus dem Inventar entfernt werden.\nKann den Platz mit anderen Gegenständen tauschen.","Ne peut pas être retiré de l'inventaire.\nPeut échanger sa place avec d'autres objets.","Non può essere rimosso dall'inventario.\nPuò scambiare posizione con altri oggetti.","Nie można usunąć z ekwipunku.\nMożna zamieniać miejscami z innymi przedmiotami.","无法从物品栏中移除。\n可以和其它物品交换位置。","インベントリから取り除くことはできません。\n他のアイテムと位置を入れ替えることはできます。","인벤토리에서 제거할 수 없습니다.\n다른 아이템과 위치를 바꿀 수 있습니다.",,,,,,,,,,,,,
kaleva_koetus_description_b7,"The potions are a bit old","Зелья немного староваты","As poções estão um pouco velhas","Las pociones están un poco viejas","Die Tränke sind etwas alt","Les potions sont un peu vieilles","Le pozioni sono un po' vecchie","Mikstury są nieco stare","魔药有些陈旧了","ポーションが少し古くなっています","포션이 좀 오래되었습니다",,,,,,,,,,,,,
kaleva_koetus_specification_b7,"Potion capacity decreased, quality is worse.","Емкость зелий снижена, качество хуже.","Capacidade das poções reduzida, qualidade inferior.","La capacidad de las pociones se reduce, la calidad es peor.","Die Trankkapazität ist verringert, die Qualität ist schlechter.","La capacité des potions est réduite, la qualité est inférieure.","La capacità delle pozioni è ridotta, la qualità è peggiore.","Pojemność mikstur zmniejszona, jakość gorsza.","魔药容量下降，品质更差。","ポーションの容量が減少し、品質が低下します。","포션 용량이 감소하고, 품질이 저하됩니다.",,,,,,,,,,,,,
kaleva_koetus_b7_statusdesc_movement_faster_append,"Incomplete - Movement speed increase reduced.","Незавершённое — Прирост скорости передвижения снижен.","Incompleto - Aumento da velocidade de movimento reduzido.","Incompleto - Aumento de la velocidad de movimiento reducido.","Unvollständig - Erhöhung der Bewegungsgeschwindigkeit verringert.","Incomplet - Augmentation de la vitesse de déplacement réduite.","Incompleto - Aumento della velocità di movimento ridotto.","Niekompletne - Zwiększenie szybkości ruchu zredukowane.","未完成 - 加速幅度减少。","未完成 - 移動速度の上昇量が減少。","미완성 - 이동 속도 증가량이 감소합니다.",,,,,,,,,,,,,
kaleva_koetus_b7_statusdesc_protection_all_append,"Incomplete - Cannot be completely immune to damage.","Незавершённое — Нет полного иммунитета к урону.","Incompleto - Não concede imunidade total a danos.","Incompleto - No otorga inmunidad total al daño.","Unvollständig - Keine vollständige Schadensimmunität.","Incomplet - Pas d'immunité totale aux dégâts.","Incompleto - Non conferisce immunità totale ai danni.","Niekompletne - Brak całkowitej odporności na obrażenia.","未完成 - 不完全免疫伤害。","未完成 - ダメージを完全に無効化できません。","미완성 - 피해를 완전히 면역할 수 없습니다.",,,,,,,,,,,,,
kaleva_koetus_b7_statusdesc_teleportation_append,"Incomplete - Teleport distance is shorter.","Незавершённое — Дистанция телепортации сокращена.","Incompleto - Distância de teletransporte reduzida.","Incompleto - Distancia de teletransporte reducida.","Unvollständig - Teleportationsreichweite verringert.","Incomplet - Distance de téléportation réduite.","Incompleto - Distanza di teletrasporto ridotta.","Niekompletne - Skrócony dystans teleportacji.","未完成 - 传送距离更短。","未完成 - テレポート距離が短縮。","미완성 - 텔레포트 거리가 짧아집니다.",,,,,,,,,,,,,
kaleva_koetus_description_b8,"You feel unrewarded","Вы чувствуете отсутствие выгоды","Você sente que não há lucro","Sientes que no hay ganancias","Du fühlst dich unbelohnt","Vous ne sentez aucun profit","Senti che non c'è guadagno","Czujesz, że to się nie opłaca","你感到无利可图","利益がないと感じる","이득이 없다고 느낍니다",,,,,,,,,,,,,
kaleva_koetus_specification_b8,"All tablets disappear, fewer resource points spawn.","Все таблички исчезают, точек ресурсов появляется меньше.","Todas as tabuletas desaparecem, menos pontos de recurso são gerados.","Todas las tablas desaparecen, se generan menos puntos de recursos.","Alle Tafeln verschwinden, es werden weniger Ressourcenpunkte generiert.","Toutes les tablettes disparaissent, moins de points de ressources sont générés.","Tutte le tavolette scompaiono, vengono generati meno punti risorsa.","Wszystkie tabliczki znikają, generuje się mniej punktów zasobów.","所有石板消失，资源点生成更少。","すべてのタブレットが消失し、リソースポイントの生成が減少します。","모든 태블릿이 사라지고, 자원 지점 생성이 감소합니다.",,,,,,,,,,,,,
kaleva_koetus_description_b9,"These choices don't look good enough","Эти варианты выглядят недостаточно хорошими","Essas escolhas não parecem boas o suficiente","Estas opciones no parecen lo suficientemente buenas","Diese Optionen sehen nicht gut genug aus","Ces choix ne semblent pas assez bons","Queste scelte non sembrano abbastanza buone","Te wybory nie wyglądają wystarczająco dobrze","这些选择看起来都不够好","これらの選択肢はどれも物足りなく見えます","이 선택지들은 충분히 좋아 보이지 않습니다",,,,,,,,,,,,,
kaleva_koetus_specification_b9,"Fewer options at the Perk Altar, some perks are weakened.","На Алтаре перков меньше вариантов, некоторые перки ослаблены.","Menos opções no Altar de Vantagens, algumas vantagens foram enfraquecidas.","Menos opciones en el Altar de ventajas, algunas ventajas se han debilitado.","Weniger Optionen am Talentaltar, einige Talente wurden abgeschwächt.","Moins d'options à l'Autel des atouts, certains atouts sont affaiblis.","Meno opzioni all'Altare dei talenti, alcuni talenti sono indeboliti.","Mniej opcji na Ołtarzu Atutów, niektóre atuty są osłabione.","天赋祭坛上的选项更少，部分天赋被削弱。","特典の祭壇の選択肢が減少し、一部の特典が弱体化されています。","특전 제단의 선택지가 줄어들고, 일부 특전이 약화됩니다.",,,,,,,,,,,,,
kaleva_koetus_perkdesc_effect_reduced_append,"Incomplete - Effect reduced.","Незавершённое — Эффект ослаблен.","Incompleto - Efeito reduzido.","Incompleto - Efecto reducido.","Unvollständig - Wirkung verringert.","Incomplet - Effet réduit.","Incompleto - Effetto ridotto.","Niekompletne - Efekt osłabiony.","未完成 - 效果减弱。","未完成 - 効果が減少。","미완성 - 효과가 감소합니다.",,,,,,,,,,,,,
kaleva_koetus_perkdesc_protections_append,"Incomplete - Single stack provides only partial immunity.","Незавершённое — Один стак дает лишь частичный иммунитет.","Incompleto - Uma única pilha fornece apenas imunidade parcial.","Incompleto - Una sola acumulación solo otorga inmunidad parcial.","Unvollständig - Ein einzelner Stapel bietet nur teilweise Immunität.","Incomplet - Un seul cumul n'offre qu'une immunité partielle.","Incompleto - Una singola carica fornisce solo immunità parziale.","Niekompletne - Pojedynczy ładunek zapewnia tylko częściową odporność.","未完成 - 单层堆叠仅提供部分免疫效果。","未完成 - 単体では部分的な免疫効果のみ。","미완성 - 단일 중첩 시 부분적인 면역만 제공합니다.",,,,,,,,,,,,,
kaleva_koetus_perkdesc_small_damage_append,"Incomplete - Damage increase is smaller.","Незавершённое — Увеличение урона меньше.","Incompleto - O aumento de dano é menor.","Incompleto - El aumento de daño es menor.","Unvollständig - Die Schadenserhöhung ist geringer.","Incomplet - L'augmentation des dégâts est moindre.","Incompleto - L'aumento del danno è minore.","Niekompletne - Mniejszy wzrost obrażeń.","未完成 - 伤害增加得更少。","未完成 - ダメージの上昇量が減少。","미완성 - 피해 증가량이 감소합니다.",,,,,,,,,,,,,
kaleva_koetus_perkdesc_probability_append,"Incomplete - Sometimes effective.","Незавершённое — Эффективно иногда.","Incompleto - Eficaz às vezes.","Incompleto - A veces es efectivo.","Unvollständig - Manchmal wirksam.","Incomplet - Parfois efficace.","Incompleto - A volte efficace.","Niekompletne - Czasami skuteczne.","未完成 - 有时有效。","未完成 - 時々有効になります。","미완성 - 때때로 효과가 있습니다.",,,,,,,,,,,,,
kaleva_koetus_perkdesc_TRICK_BLOOD_MONEY_append,"Incomplete - Bloody gold nuggets provide less money and healing.","Незавершённое — Кровавые самородки дают меньше денег и лечения.","Incompleto - Pepitas de ouro sangrentas fornecem menos dinheiro e cura.","Incompleto - Las pepitas de oro sangrientas otorgan menos dinero y curación.","Unvollständig - Blutige Goldnuggets geben weniger Geld und Heilung.","Incomplet - Les pépites d'or sanglantes donnent moins d'argent et de soins.","Incompleto - Le pepite d'oro insanguinate forniscono meno denaro e cure.","Niekompletne - Krwawe bryłki złota zapewniają mniej pieniędzy i leczenia.","未完成 - 染血的金块提供更少的钱和治疗。","未完成 - 血に濡れた金塊によるお金と回復量が減少。","미완성 - 피 묻은 금괴가 더 적은 돈과 치유를 제공합니다.",,,,,,,,,,,,,
kaleva_koetus_perkdesc_MOVEMENT_FASTER_append,"Incomplete - Lose a portion of maximum health.","Незавершённое — Вы теряете часть максимального здоровья.","Incompleto - Você perde parte da vida máxima.","Incompleto - Pierdes una parte de la salud máxima.","Unvollständig - Du verlierst einen Teil deiner maximalen Gesundheit.","Incomplet - Vous perdez une partie de votre santé maximale.","Incompleto - Perdi una parte della salute massima.","Niekompletne - Tracisz część maksymalnego zdrowia.","未完成 - 失去部分最大生命值。","未完成 - 最大体力の一部を失います。","미완성 - 최대 체력의 일부를 잃습니다.",,,,,,,,,,,,,
kaleva_koetus_perkdesc_TELEKINESIS_append,"Incomplete - Can only manipulate small objects, and launch force is weaker.","Незавершённое — Можно управлять только мелкими предметами, а сила броска меньше.","Incompleto - Pode manipular apenas objetos pequenos, e a força de lançamento é menor.","Incompleto - Solo puedes manipular objetos pequeños, y la fuerza de lanzamiento es menor.","Unvollständig - Kann nur kleine Objekte manipulieren, und die Wurfkraft ist geringer.","Incomplet - Ne peut manipuler que de petits objets, et la force de projection est plus faible.","Incompleto - Puoi manipolare solo piccoli oggetti e la forza di lancio è minore.","Niekompletne - Można manipulować tylko małymi obiektami, a siła wystrzału jest mniejsza.","未完成 - 只能操纵小型物体，且发射力度更小。","未完成 - 小さな物体のみ操作可能で、発射する力も弱くなります。","미완성 - 작은 물체만 조작할 수 있으며, 발사 힘이 약해집니다.",,,,,,,,,,,,,
kaleva_koetus_perkdesc_SAVING_GRACE_append,"Incomplete - Has a cooldown with a single stack.","Незавершённое — Имеет перезарядку с одним стаком.","Incompleto - Tem tempo de recarga com uma única pilha.","Incompleto - Tiene tiempo de reutilización con una sola acumulación.","Unvollständig - Hat bei einem einzelnen Stapel eine Abklingzeit.","Incomplet - A un temps de recharge avec un seul cumul.","Incompleto - Ha un tempo di ricarica con una singola carica.","Niekompletne - Ma czas odnowienia przy pojedynczym ładunku.","未完成 - 单层堆叠时有冷却时间。","未完成 - 単体ではクールダウンがあります。","미완성 - 단일 중첩 시 재사용 대기시간이 있습니다.",,,,,,,,,,,,,
kaleva_koetus_perkdesc_INVISIBILITY_append,"Incomplete - Enemies will detect you.","Незавершённое — Враги замечают вас.","Incompleto - Inimigos detectarão você.","Incompleto - Los enemigos te detectarán.","Unvollständig - Feinde werden dich bemerken.","Incomplet - Les ennemis vous repéreront.","Incompleto - I nemici ti noteranno.","Niekompletne - Wrogowie cię wykryją.","未完成 - 敌人会察觉你。","未完成 - 敵に気づかれます。","미완성 - 적이 당신을 감지합니다.",,,,,,,,,,,,,
kaleva_koetus_perkdesc_REMOVE_FOG_OF_WAR_append,"Incomplete - Enemies are invisible with a single stack.","Незавершённое — Враги невидимы с одним стаком.","Incompleto - Inimigos ficam invisíveis com uma única pilha.","Incompleto - Los enemigos son invisibles con una sola acumulación.","Unvollständig - Feinde sind bei einem einzelnen Stapel unsichtbar.","Incomplet - Les ennemis sont invisibles avec un seul cumul.","Incompleto - I nemici sono invisibili con una singola carica.","Niekompletne - Wrogowie są niewidzialni przy pojedynczym ładunku.","未完成 - 单层堆叠时敌人隐形。","未完成 - 単体では敵が透明になります。","미완성 - 단일 중첩 시 적이 투명해집니다.",,,,,,,,,,,,,
kaleva_koetus_perkdesc_RESPAWN_append,"Incomplete - Does not restore health.","Незавершённое — Здоровье не восстанавливается.","Incompleto - Não restaura vida.","Incompleto - No restaura salud.","Unvollständig - Stellt keine Gesundheit wieder her.","Incomplet - Ne restaure pas la santé.","Incompleto - Non ripristina la salute.","Niekompletne - Nie przywraca zdrowia.","未完成 - 不恢复生命值。","未完成 - 体力は回復しません。","미완성 - 체력을 회복하지 않습니다.",,,,,,,,,,,,,
kaleva_koetus_perkdesc_FOOD_CLOCK_append,"Incomplete - Damage increase is smaller, and does not provide food.","Незавершённое — Увеличение урона меньше, и не дает еды.","Incompleto - O aumento de dano é menor, e não fornece comida.","Incompleto - El aumento de daño es menor, y no proporciona comida.","Unvollständig - Die Schadenserhöhung ist geringer und gewährt keine Nahrung.","Incomplet - L'augmentation des dégâts est moindre et ne fournit pas de nourriture.","Incompleto - L'aumento del danno è minore e non fornisce cibo.","Niekompletne - Mniejszy wzrost obrażeń i nie zapewnia jedzenia.","未完成 - 伤害增加得更少，且不提供食物。","未完成 - ダメージの上昇量が減少し、食料を提供しません。","미완성 - 피해 증가량이 감소하며, 음식을 제공하지 않습니다.",,,,,,,,,,,,,
kaleva_koetus_perkdesc_TELEPORTITIS_append,"Incomplete - Teleport distance is shorter.","Незавершённое — Дистанция телепортации сокращена.","Incompleto - Distância de teletransporte reduzida.","Incompleto - Distancia de teletransporte reducida.","Unvollständig - Teleportationsreichweite verringert.","Incomplet - Distance de téléportation réduite.","Incompleto - Distanza di teletrasporto ridotta.","Niekompletne - Skrócony dystans teleportacji.","未完成 - 传送距离更短。","未完成 - テレポート距離が短縮。","미완성 - 텔레포트 거리가 짧아집니다.",,,,,,,,,,,,,
kaleva_koetus_perkdesc_EDIT_WANDS_EVERYWHERE_append,"Incomplete - Tinkering with a single stack wears out the wand.","Незавершённое — Редактирование с одним стаком изнашивает палочку.","Incompleto - Modificar varinhas com uma única pilha as desgasta.","Incompleto - Retocar varitas con una sola acumulación las desgasta.","Unvollständig - Das Basteln mit einem einzelnen Stapel nutzt den Zauberstab ab.","Incomplet - Bricoler avec un seul cumul use la baguette.","Incompleto - Modificare le bacchette con una singola carica le usura.","Niekompletne - Majstrowanie przy pojedynczym ładunku zużywa różdżkę.","未完成 - 单层堆叠时进行修补会磨损魔杖。","未完成 - 単体で杖を編集すると杖が摩耗します。","미완성 - 단일 중첩 시 완드를 편집하면 완드가 마모됩니다.",,,,,,,,,,,,,
kaleva_koetus_perkdesc_WAND_EXPERIMENTER_append,"Incomplete - Healing times and amount are both lower.","Незавершённое — Количество и объем исцеления меньше.","Incompleto - Frequência e quantidade de cura são menores.","Incompleto - La frecuencia y la cantidad de curación son menores.","Unvollständig - Häufigkeit und Menge der Heilung sind geringer.","Incomplet - Le nombre et la quantité de soins sont réduits.","Incompleto - La frequenza e la quantità delle cure sono ridotte.","Niekompletne - Liczba i ilość leczenia są mniejsze.","未完成 - 治疗的次数和治疗量都更少。","未完成 - 回復回数と回復量の両方が減少。","미완성 - 치유 횟수와 치유량이 모두 감소합니다.",,,,,,,,,,,,,
kaleva_koetus_perkdesc_UNLIMITED_SPELLS_append,"Incomplete - Fire spells much slower.","Незавершённое — Остальные заклинания вы пускаете намного медленнее.","Incompleto - Os disparos são mais esparsos.","Incompleto - Tus hechizos de fuego son mucho más lentos.","Unvollständig - Du feuerst Zauber viel langsamer ab.","Incomplet - Vos lancers de sort sont ralentis.","Incompleto - Lanci incantesimi molto più lentamente.","Niekompletne - Twoje zaklęcia ogniowe są dużo wolniejsze.","未完成 - 发射法术要慢上许多。","未完成 - 呪文の発射速度は減速します。","미완성 - 주문 속도는 느려집니다.",,,,,,,,,,,,,
kaleva_koetus_perkdesc_SHIELD_append,"Incomplete - Smaller radius, recharges slower.","Незавершённое — Радиус меньше, перезарядка медленнее.","Incompleto - Raio menor, recarga mais lenta.","Incompleto - Radio más pequeño, recarga más lenta.","Unvollständig - Kleinerer Radius, lädt langsamer auf.","Incomplet - Rayon plus petit, recharge plus lente.","Incompleto - Raggio più piccolo, si ricarica più lentamente.","Niekompletne - Mniejszy promień, wolniejsze ładowanie.","未完成 - 半径更小，充能更慢。","未完成 - 半径が小さく、チャージが遅くなります。","미완성 - 반경이 더 작고, 충전 속도가 느립니다.",,,,,,,,,,,,,
kaleva_koetus_perkdesc_CONTACT_DAMAGE_append,"Incomplete - Damage frequency reduced, single hit damage increased.","Незавершённое — Частота урона снижена, разовый урон увеличен.","Incompleto - Frequência de dano reduzida, dano por golpe aumentado.","Incompleto - La frecuencia de daño se reduce, el daño por golpe aumenta.","Unvollständig - Schadensfrequenz verringert, Einzelschaden erhöht.","Incomplet - Fréquence des dégâts réduite, dégâts par coup augmentés.","Incompleto - Frequenza dei danni ridotta, danno singolo aumentato.","Niekompletne - Częstotliwość obrażeń zmniejszona, obrażenia jednorazowe zwiększone.","未完成 - 伤害频率降低，单次伤害增加。","未完成 - ダメージ頻度が低下し、単発ダメージが増加。","미완성 - 피해 빈도가 감소하고, 단발 피해가 증가합니다.",,,,,,,,,,,,,
kaleva_koetus_status_saving_grace_cooldown_append," (On cooldown)"," (На перезарядке)"," (Em recarga)"," (En enfriamiento)"," (In der Abklingzeit)"," (En recharge)"," (In ricarica)"," (Odnawianie)","（冷却中）","（クールダウン中）"," (재사용 대기 중)",,,,,,,,,,,,,
kaleva_koetus_statusdesc_saving_grace_cooldown_prefix,"After cooldown: ","После перезарядки: ","Após a recarga: ","Tras el enfriamiento: ","Nach der Abklingzeit: ","Après la recharge: ","Dopo la ricarica: ","Po odnowieniu:","冷却结束后：","クールダウン終了後：","재사용 대기시간 종료 후: ",,,,,,,,,,,,,
kaleva_koetus_description_b10,"Fungal monsoon is raging","Грибной муссон свирепствует","A monção fúngica está furiosa","El monzón fúngico está arrasando","Der Pilzmonsun tobt","La mousson fongique fait rage","Il monsone fungino infuria","Grzybowy monsun szaleje","真菌季风正在肆虐","真菌のモンスーンが荒れ狂っています","곰팡이 몬순이 휘몰아칩니다",,,,,,,,,,,,,
kaleva_koetus_specification_b10,"Fungal shifts are occurring en masse.","Грибные сдвиги происходят массово.","Mudanças fúngicas estão ocorrendo em massa.","Los cambios fúngicos ocurren en masa.","Pilzverschiebungen treten massenhaft auf.","Des transformations fongiques se produisent en masse.","I cambiamenti fungini avvengono in massa.","Grzybowe przemiany zachodzą masowo.","真菌转换大批发生。","真菌変異が大量に発生しています。","곰팡이 변환이 대량으로 발생합니다.",,,,,,,,,,,,,
kaleva_koetus_beyond_info_name,"Beyond Info","Информация о Запределе","Informações de Além","Información de Más Allá","Jenseitsinformationen","Infos Au-delà","Info Oltre","Informacje o Poza","彼方の情報","天啓リスト","저편 정보",,,,,,,,,,,,,
kaleva_koetus_reward_beyond20,"Ascension to Myth","Вознесение к мифу","Ascensão ao Mito","Ascensión al Mito","Aufstieg zum Mythos","Ascension vers le Mythe","Ascesa al Mito","Wniebowstąpienie do mitu","升华为神话","神話への昇華","신화로의 승천",,,,,,,,,,,,,
